<?xml version="1.0" encoding="UTF-8"?>
<LedgerImport xmlns="http://xml.datev.de/bedi/tps/ledger/v040" xmlns:xsi="http://www.w3.org/2001/XMLSchema-instance" xsi:schemaLocation="http://xml.datev.de/bedi/tps/ledger/v040 Belegverwaltung_online_ledger_import_v040.xsd" version="4.0" generator_info="SMOICE-DATEV" generating_system="SMOICE-DATEV" xml_data="Kopie nur zur Verbuchung berechtigt nicht zum Vorsteuerabzug">
  <consolidate consolidatedAmount="2975.00" consolidatedCurrencyCode="EUR" consolidatedDate="2020-03-04" consolidatedInvoiceId="3657">
    <accountsReceivableLedger>
      <date>2020-03-04</date>
      <amount>2975.00</amount>
      <accountNo>4400</accountNo>
      <tax>19.00</tax>
      <currencyCode>EUR</currencyCode>
      <invoiceId>3657</invoiceId>
      <customerName>Lieschen Müller</customerName>
    </accountsReceivableLedger>
  </consolidate>
</LedgerImport>
