<?xml version="1.0" encoding="UTF-8"?>
<archive xmlns="http://xml.datev.de/bedi/tps/document/v04.0" xmlns:xsi="http://www.w3.org/2001/XMLSchema-instance" xsi:schemaLocation="http://xml.datev.de/bedi/tps/document/v04.0 Document_v040.xsd" version="4.0" generatingSystem="SMOICE-DATEV">
  <header>
    <date>2020-03-04T13:03:54</date>
    <description>Belegsatzdaten Ausgangsrechnung</description>
  </header>
  <content>
    <document>
      <extension xsi:type="accountsReceivableLedger" datafile="Ausgangsrechnung_3657.xml">
        <property value="2020-03" key="1"/>
        <property value="Ausgangsrechnungen" key="3"/>
      </extension>
      <extension xsi:type="File" name="Ausgangsrechnung_3657.pdf"/>
    </document>
  </content>
</archive>
